episode,return_raw,return_ema
1,-2.888632682287626,-2.888632682287626
