{
  "ema_alpha": 0.05,
  "returns": {
    "x": [
      1
    ],
    "raw": [
      -2.888632682287626
    ],
    "ema": [
      -2.888632682287626
    ],
    "ylabel": "Return",
    "ylim": [
      -3.888632682287626,
      -1.8886326822876258
    ]
  },
  "steps_to_goal": {
    "x": [
      1
    ],
    "raw": [
      300.0
    ],
    "ema": [
      300.0
    ],
    "ylabel": "Step to Source",
    "ylim": [
      0.0,
      305.0
    ]
  }
}