episode,return_raw,return_ema
1,39.71443320246134,39.71443320246134
2,110.3840234664849,43.24791271566252
3,150.7076966655025,48.62090191315452
