{
  "ema_alpha": 0.05,
  "returns": {
    "x": [
      1,
      2,
      3
    ],
    "raw": [
      39.71443320246134,
      110.3840234664849,
      150.7076966655025
    ],
    "ema": [
      39.71443320246134,
      43.24791271566252,
      48.62090191315452
    ],
    "ylabel": "Return",
    "ylim": [
      28.615106856157226,
      161.80702301180662
    ]
  },
  "steps_to_goal": {
    "x": [
      1,
      2,
      3
    ],
    "raw": [
      300.0,
      300.0,
      300.0
    ],
    "ema": [
      300.0,
      300.0,
      300.0
    ],
    "ylabel": "Step to Source",
    "ylim": [
      0.0,
      305.0
    ]
  }
}